-- facerecog_clusters
INSERT INTO facerecog_clusters (id, is_valid, last_generation_time, linked_user) VALUES
  (1, 1, '2025-08-26 10:00:00', 'user1'),
  (2, 0, '2025-08-25 09:00:00', 'user2');

-- facerecog_persons
INSERT INTO facerecog_persons (id, name, is_shared) VALUES
  (1, 'Alice', 0),
  (2, 'Bob', 1);

-- facerecog_person_clusters
INSERT INTO facerecog_person_clusters (cluster_id, person_id) VALUES
  (1, 1),
  (2, 2);

-- facerecog_images
INSERT INTO facerecog_images (id, nc_file_id, model, is_processed, error, last_processed_time, processing_duration) VALUES
  (1, 101, 'modelA', 1, NULL, '2025-08-26 10:05:00', 120),
  (2, 102, 'modelB', 0, 'error', '2025-08-25 09:10:00', 0),
  (3, 103, 'modelA', 1, NULL, '2025-08-26 10:15:00', 150),
  (4, 104, 'modelB', 0, 'error', '2025-08-25 09:20:00', 0),
  (5, 105, 'modelA', 1, NULL, '2025-08-26 10:25:00', 180),
  (6, 106, 'modelB', 1, NULL, '2025-08-26 10:35:00', 200),
  (7, 107, 'modelA', 0, 'error', '2025-08-25 09:30:00', 0),
  (8, 108, 'modelB', 1, NULL, '2025-08-26 10:45:00', 210);

-- facerecog_user_images
INSERT INTO facerecog_user_images (image_id, user) VALUES
  (1, 'user1'),
  (2, 'user2'),
  (3, 'user1'),
  (4, 'user2'),
  (5, 'user1'),
  (6, 'user2'),
  (7, 'user1'),
  (8, 'user2');

INSERT INTO facerecog_faces (id, image_id, descriptor, creation_time, confidence, landmarks, x, y, width, height) VALUES
  (1, 1, '[0.12, -0.34, 0.56, -0.78, 0.90, -0.11, 0.22, -0.33, 0.44, -0.55, 0.66, -0.77, 0.88, -0.99, 0.01, -0.02, 0.03, -0.04, 0.05, -0.06, 0.07, -0.08, 0.09, -0.10, 0.11, -0.12, 0.13, -0.14, 0.15, -0.16, 0.17, -0.18, 0.19, -0.20, 0.21, -0.22, 0.23, -0.24, 0.25, -0.26, 0.27, -0.28, 0.29, -0.30, 0.31, -0.32, 0.33, -0.34, 0.35, -0.36, 0.37, -0.38, 0.39, -0.40, 0.41, -0.42, 0.43, -0.44, 0.45, -0.46, 0.47, -0.48, 0.49, -0.50, 0.51, -0.52, 0.53, -0.54, 0.55, -0.56, 0.57, -0.58, 0.59, -0.60, 0.61, -0.62, 0.63, -0.64, 0.65, -0.66, 0.67, -0.68, 0.69, -0.70, 0.71, -0.72, 0.73, -0.74, 0.75, -0.76, 0.77, -0.78, 0.79, -0.80, 0.81, -0.82, 0.83, -0.84, 0.85, -0.86, 0.87, -0.88, 0.89, -0.90, 0.91, -0.92, 0.93, -0.94, 0.95, -0.96, 0.97, -0.98, 0.99, -1.00, 0.01, 0.02, 0.03, 0.04, 0.05, 0.06, 0.07, 0.08, 0.09, 0.10]', '2025-08-26 10:06:00', 0.98, '[{"x":10,"y":20},{"x":15,"y":25},{"x":20,"y":30},{"x":25,"y":35},{"x":30,"y":40}]', 10, 20, 30, 40),
  (2, 2, '[-0.12, 0.34, -0.56, 0.78, -0.90, 0.11, -0.22, 0.33, -0.44, 0.55, -0.66, 0.77, -0.88, 0.99, -0.01, 0.02, -0.03, 0.04, -0.05, 0.06, -0.07, 0.08, -0.09, 0.10, -0.11, 0.12, -0.13, 0.14, -0.15, 0.16, -0.17, 0.18, -0.19, 0.20, -0.21, 0.22, -0.23, 0.24, -0.25, 0.26, -0.27, 0.28, -0.29, 0.30, -0.31, 0.32, -0.33, 0.34, -0.35, 0.36, -0.37, 0.38, -0.39, 0.40, -0.41, 0.42, -0.43, 0.44, -0.45, 0.46, -0.47, 0.48, -0.49, 0.50, -0.51, 0.52, -0.53, 0.54, -0.55, 0.56, -0.57, 0.58, -0.59, 0.60, -0.61, 0.62, -0.63, 0.64, -0.65, 0.66, -0.67, 0.68, -0.69, 0.70, -0.71, 0.72, -0.73, 0.74, -0.75, 0.76, -0.77, 0.78, -0.79, 0.80, -0.81, 0.82, -0.83, 0.84, -0.85, 0.86, -0.87, 0.88, -0.89, 0.90, -0.91, 0.92, -0.93, 0.94, -0.95, 0.96, -0.97, 0.98, -0.99, 1.00, -0.01, -0.02, -0.03, -0.04, -0.05, -0.06, -0.07, -0.08, -0.09, -0.10]', '2025-08-25 09:12:00', 0.85, '[{"x":12,"y":22},{"x":18,"y":28},{"x":24,"y":34},{"x":30,"y":36},{"x":36,"y":42},{"x":42,"y":48}]', 15, 25, 35, 45),
  (3, 3, '[0.11, 0.22, 0.33, 0.44, 0.55, 0.66, 0.77, 0.88, 0.99, -0.11, -0.22, -0.33, -0.44, -0.55, -0.66, -0.77, -0.88, -0.99, 0.01, 0.02, 0.03, 0.04, 0.05, 0.06, 0.07, 0.08, 0.09, 0.10, 0.12, 0.13, 0.14, 0.15, 0.16, 0.17, 0.18, 0.19, 0.20, 0.21, 0.22, 0.23, 0.24, 0.25, 0.26, 0.27, 0.28, 0.29, 0.30, 0.31, 0.32, 0.33, 0.34, 0.35, 0.36, 0.37, 0.38, 0.39, 0.40, 0.41, 0.42, 0.43, 0.44, 0.45, 0.46, 0.47, 0.48, 0.49, 0.50, 0.51, 0.52, 0.53, 0.54, 0.55, 0.56, 0.57, 0.58, 0.59, 0.60, 0.61, 0.62, 0.63, 0.64, 0.65, 0.66, 0.67, 0.68, 0.69, 0.70, 0.71, 0.72, 0.73, 0.74, 0.75, 0.76, 0.77, 0.78, 0.79, 0.80, 0.81, 0.82, 0.83, 0.84, 0.85, 0.86, 0.87, 0.88, 0.89, 0.90, 0.91, 0.92, 0.93, 0.94, 0.95, 0.96, 0.97, 0.98, 0.99, 1.00, -0.01, -0.02, -0.03, -0.04, -0.05, -0.06, -0.07]', '2025-08-26 10:16:00', 0.92, '[{"x":14,"y":24},{"x":19,"y":29},{"x":24,"y":34},{"x":29,"y":39}]', 12, 22, 32, 42),
  (4, 4, '[-0.11, -0.22, -0.33, -0.44, -0.55, -0.66, -0.77, -0.88, -0.99, 0.11, 0.22, 0.33, 0.44, 0.55, 0.66, 0.77, 0.88, 0.99, -0.01, -0.02, -0.03, -0.04, -0.05, -0.06, -0.07, -0.08, -0.09, -0.10, -0.12, -0.13, -0.14, -0.15, -0.16, -0.17, -0.18, -0.19, -0.20, -0.21, -0.22, -0.23, -0.24, -0.25, -0.26, -0.27, -0.28, -0.29, -0.30, -0.31, -0.32, -0.33, -0.34, -0.35, -0.36, -0.37, -0.38, -0.39, -0.40, -0.41, -0.42, -0.43, -0.44, -0.45, -0.46, -0.47, -0.48, -0.49, -0.50, -0.51, -0.52, -0.53, -0.54, -0.55, -0.56, -0.57, -0.58, -0.59, -0.60, -0.61, -0.62, -0.63, -0.64, -0.65, -0.66, -0.67, -0.68, -0.69, -0.70, -0.71, -0.72, -0.73, -0.74, -0.75, -0.76, -0.77, -0.78, -0.79, -0.80, -0.81, -0.82, -0.83, -0.84, -0.85, -0.86, -0.87, -0.88, -0.89, -0.90, -0.91, -0.92, -0.93, -0.94, -0.95, -0.96, -0.97, -0.98, -0.99, -1.00, 0.01, 0.02, 0.03, 0.04, 0.05, 0.06, 0.07]', '2025-08-25 09:22:00', 0.81, '[{"x":16,"y":26},{"x":21,"y":31},{"x":26,"y":36},{"x":31,"y":41},{"x":36,"y":46}]', 14, 24, 34, 44),
  (5, 5, '[0.21, 0.22, 0.23, 0.24, 0.25, 0.26, 0.27, 0.28, 0.29, 0.30, 0.31, 0.32, 0.33, 0.34, 0.35, 0.36, 0.37, 0.38, 0.39, 0.40, 0.41, 0.42, 0.43, 0.44, 0.45, 0.46, 0.47, 0.48, 0.49, 0.50, 0.51, 0.52, 0.53, 0.54, 0.55, 0.56, 0.57, 0.58, 0.59, 0.60, 0.61, 0.62, 0.63, 0.64, 0.65, 0.66, 0.67, 0.68, 0.69, 0.70, 0.71, 0.72, 0.73, 0.74, 0.75, 0.76, 0.77, 0.78, 0.79, 0.80, 0.81, 0.82, 0.83, 0.84, 0.85, 0.86, 0.87, 0.88, 0.89, 0.90, 0.91, 0.92, 0.93, 0.94, 0.95, 0.96, 0.97, 0.98, 0.99, 1.00, -0.01, -0.02, -0.03, -0.04, -0.05, -0.06, -0.07, -0.08, -0.09, -0.10, -0.11, -0.12, -0.13, -0.14, -0.15, -0.16, -0.17, -0.18, -0.19, -0.20, -0.21, -0.22, -0.23, -0.24, -0.25, -0.26, -0.27, -0.28, -0.29, -0.30, -0.31, -0.32, -0.33, -0.34, -0.35, -0.36, -0.37, -0.38, -0.39, -0.40, -0.41, -0.42, -0.43, -0.44]', '2025-08-26 10:26:00', 0.95, '[{"x":18,"y":28},{"x":23,"y":33},{"x":28,"y":38},{"x":33,"y":43},{"x":38,"y":48},{"x":43,"y":53}]', 16, 26, 36, 46),
  (6, 6, '[-0.21, -0.22, -0.23, -0.24, -0.25, -0.26, -0.27, -0.28, -0.29, -0.30, -0.31, -0.32, -0.33, -0.34, -0.35, -0.36, -0.37, -0.38, -0.39, -0.40, -0.41, -0.42, -0.43, -0.44, -0.45, -0.46, -0.47, -0.48, -0.49, -0.50, -0.51, -0.52, -0.53, -0.54, -0.55, -0.56, -0.57, -0.58, -0.59, -0.60, -0.61, -0.62, -0.63, -0.64, -0.65, -0.66, -0.67, -0.68, -0.69, -0.70, -0.71, -0.72, -0.73, -0.74, -0.75, -0.76, -0.77, -0.78, -0.79, -0.80, -0.81, -0.82, -0.83, -0.84, -0.85, -0.86, -0.87, -0.88, -0.89, -0.90, -0.91, -0.92, -0.93, -0.94, -0.95, -0.96, -0.97, -0.98, -0.99, -1.00, 0.01, 0.02, 0.03, 0.04, 0.05, 0.06, 0.07, 0.08, 0.09, 0.10, 0.11, 0.12, 0.13, 0.14, 0.15, 0.16, 0.17, 0.18, 0.19, 0.20, 0.21, 0.22, 0.23, 0.24, 0.25, 0.26, 0.27, 0.28, 0.29, 0.30, 0.31, 0.32, 0.33, 0.34, 0.35, 0.36, 0.37, 0.38, 0.39, 0.40, 0.41, 0.42, 0.43, 0.44]', '2025-08-26 10:36:00', 0.88, '[{"x":20,"y":30},{"x":25,"y":35},{"x":30,"y":40},{"x":35,"y":45},{"x":40,"y":50},{"x":45,"y":55},{"x":50,"y":60}]', 18, 28, 38, 48),
  (7, 7, '[0.31, 0.32, 0.33, 0.34, 0.35, 0.36, 0.37, 0.38, 0.39, 0.40, 0.41, 0.42, 0.43, 0.44, 0.45, 0.46, 0.47, 0.48, 0.49, 0.50, 0.51, 0.52, 0.53, 0.54, 0.55, 0.56, 0.57, 0.58, 0.59, 0.60, 0.61, 0.62, 0.63, 0.64, 0.65, 0.66, 0.67, 0.68, 0.69, 0.70, 0.71, 0.72, 0.73, 0.74, 0.75, 0.76, 0.77, 0.78, 0.79, 0.80, 0.81, 0.82, 0.83, 0.84, 0.85, 0.86, 0.87, 0.88, 0.89, 0.90, 0.91, 0.92, 0.93, 0.94, 0.95, 0.96, 0.97, 0.98, 0.99, 1.00, -0.01, -0.02, -0.03, -0.04, -0.05, -0.06, -0.07, -0.08, -0.09, -0.10, -0.11, -0.12, -0.13, -0.14, -0.15, -0.16, -0.17, -0.18, -0.19, -0.20, -0.21, -0.22, -0.23, -0.24, -0.25, -0.26, -0.27, -0.28, -0.29, -0.30, -0.31, -0.32, -0.33, -0.34]', '2025-08-25 09:32:00', 0.75, '[{"x":22,"y":32},{"x":27,"y":37},{"x":32,"y":42},{"x":37,"y":47},{"x":42,"y":52},{"x":47,"y":57},{"x":52,"y":62},{"x":57,"y":67}]', 20, 30, 40, 50),
  (8, 8, '[-0.31, -0.32, -0.33, -0.34, -0.35, -0.36, -0.37, -0.38, -0.39, -0.40, -0.41, -0.42, -0.43, -0.44, -0.45, -0.46, -0.47, -0.48, -0.49, -0.50, -0.51, -0.52, -0.53, -0.54, -0.55, -0.56, -0.57, -0.58, -0.59, -0.60, -0.61, -0.62, -0.63, -0.64, -0.65, -0.66, -0.67, -0.68, -0.69, -0.70, -0.71, -0.72, -0.73, -0.74, -0.75, -0.76, -0.77, -0.78, -0.79, -0.80, -0.81, -0.82, -0.83, -0.84, -0.85, -0.86, -0.87, -0.88, -0.89, -0.90, -0.91, -0.92, -0.93, -0.94, -0.95, -0.96, -0.97, -0.98, -0.99, -1.00, 0.01, 0.02, 0.03, 0.04, 0.05, 0.06, 0.07, 0.08, 0.09, 0.10, 0.11, 0.12, 0.13, 0.14, 0.15, 0.16, 0.17, 0.18, 0.19, 0.20, 0.21, 0.22, 0.23, 0.24, 0.25, 0.26, 0.27, 0.28, 0.29, 0.30, 0.31, 0.32, 0.33, 0.34]', '2025-08-26 10:46:00', 0.68, '[{"x":24,"y":34},{"x":29,"y":39},{"x":34,"y":44},{"x":39,"y":49},{"x":44,"y":54},{"x":49,"y":59},{"x":54,"y":64},{"x":59,"y":69},{"x":64,"y":74}]', 22, 32, 42, 52);

-- facerecog_cluster_faces
INSERT INTO facerecog_cluster_faces (cluster_id, face_id) VALUES
  (1, 1),
  (2, 2);

-- facerecog_models
INSERT INTO facerecog_models (id, name, description) VALUES
  (1, 'modelA', 'First model'),
  (2, 'modelB', 'Second model');
